driverId,name,ssn,location,certified,wage-plan
10,Travis Wilson,214-16-0210,"936 Brown Mission
Karenport, CA 97300",Y,miles
11,Melinda Blake,067-57-4856,"669 Debra Station
South Markstad, NE 86511",N,hours
12,Mr. William Bell V,331-25-5784,"405 Webb Club Apt. 375
Shariton, HI 23090",Y,hours
13,Tanya Sanchez,736-14-4984,"263 Eric Plains Suite 294
Mcdonaldchester, OK 60572",N,miles
14,Michael Schneider,041-13-1883,"635 Matthew Mountains
West Karenfurt, PR 65291",N,miles
15,Frank Stone,143-42-8700,"383 Joseph Ports
North Joshua, AR 55312",Y,miles
16,Jennifer Parker,483-43-0558,"74772 Gibson Mountains Suite 889
Mooreview, TN 08700",N,miles
17,Bryan Harris,126-41-7188,"644 Crystal Island
Kevinchester, RI 36767",Y,miles
18,Sharon Fleming,054-82-9378,"296 Chase Squares
Christianbury, OH 76698",Y,hours
19,Anne Hood,349-12-7923,"5985 Michelle Walk Apt. 265
Lake Andrew, WY 91143",Y,hours
20,Richard Wright,173-28-8661,"0231 Danny Corners Apt. 002
Kimberlyside, AZ 12831",N,miles
21,Lori Perez,681-65-5524,"796 Murray Viaduct Apt. 261
New Sarahfort, KS 36125",Y,hours
22,Monica Harris,717-96-5397,"8278 Harris Island Apt. 029
Heidiburgh, VI 36862",N,miles
23,Brandy Jackson,089-12-9770,"479 Gary Road Suite 001
South Richard, AL 49180",N,miles
24,Michelle Hubbard,157-34-2159,"117 Rodriguez River
Novakmouth, OR 39507",Y,hours
25,Tiffany Blanchard,486-99-6719,"96002 Brandon Tunnel
Kennethchester, IN 95933",Y,miles
26,Susan Davis,492-31-1671,"6226 Hill Junction Apt. 521
New Carrie, OR 12311",N,miles
27,Philip Williams,274-73-6232,"21838 Cox Roads
West Ianmouth, VI 08178",Y,miles
28,Dana Cook,785-42-5927,"07322 Melissa Run Apt. 140
North Elizabethfurt, MT 77703",Y,miles
29,Dana Olson,045-07-9844,"936 Greene Squares
Taylorport, IA 24767",Y,hours
30,Daniel Mcdaniel,410-94-6049,"790 Cruz Spurs
Manuelshire, DC 21349",Y,miles
31,Megan Campos,572-40-3699,"USCGC Young
FPO AP 23731",N,hours
32,Summer Williams,660-02-0710,"818 Morris Ports
Gonzaleztown, VI 31777",Y,hours
33,Ryan Ruiz,658-88-8441,"82885 Meadows Ports Suite 937
Annchester, NV 95932",N,miles
34,Michael Shea,899-07-1594,"040 Paul Stravenue
Jennifermouth, MO 84853",N,miles
35,Anne Jensen,589-04-2173,"40249 Mark Throughway Suite 019
New Steven, NE 36216",N,hours
36,Randy Kelly PhD,134-53-0702,"906 Jason Villages Apt. 846
Oscarmouth, MA 10572",Y,miles
37,Robert Williams,482-37-3532,"479 Madeline Radial
Deniseburgh, MA 69447",N,hours
38,Savannah Hanna,111-27-8976,"3176 Lisa Hills
Churchtown, GU 56957",Y,miles
39,Laura Smith,572-78-7894,"998 Morgan Underpass Suite 883
Kellybury, KS 40238",Y,hours
40,Nicole Patterson,480-60-6862,"451 Christopher Tunnel Suite 533
Port Michaelmouth, PR 34552",Y,hours
41,John Potts,208-44-0156,"3149 Hernandez Burg
North Michaelstad, HI 21574",Y,miles
42,Stephen Fox,191-37-6635,"80641 Morales Park Suite 879
Haileybury, WV 26392",Y,miles
43,Randall Chan,193-12-6955,"USNV Campbell
FPO AE 71605",N,hours
44,Natasha Harmon DDS,337-07-8229,"5869 Marshall Crossroad Apt. 725
West Brendafurt, NH 19316",Y,miles
45,Darren Taylor,804-42-9552,"4728 West Curve Apt. 654
Stephenfort, NH 05971",N,hours
46,Gary Flores,683-96-2334,"9764 Walker Summit Apt. 879
Taylorside, AR 24375",Y,hours
47,Daniel Ryan,577-66-9855,"1276 Alicia Squares
West James, IN 66630",N,miles
48,Teresa Walker,167-86-4799,"6536 Lindsay Ridge
Lake Anthonyfort, NC 53921",N,hours
49,Veronica Swanson,277-11-8232,"3570 King Expressway
East Zacharyfurt, KY 19253",N,miles
50,David Jackson,532-95-2437,"86624 Shawn Run Apt. 316
Leonardborough, CO 32346",Y,miles
51,Mr. Thomas Diaz,032-75-2552,"24941 Medina Spring
South Jenniferville, TN 23679",N,miles
52,Trevor Carroll,594-25-5546,"0709 Martinez Club Suite 581
North Jessica, AR 17845",N,hours
53,Karl Michael,279-38-9641,"15690 Veronica Well Apt. 519
Vincentmouth, AS 93372",Y,miles
54,Christopher Hubbard,008-05-5134,"87761 Ware Cove
Tammyfurt, FM 45390",Y,miles
55,Christina Whitney,545-80-3108,"44509 Elizabeth Burg Suite 886
Dianashire, WY 22487",Y,hours
56,Kayla Martin,631-73-5776,"95064 Humphrey Lock Suite 916
South Michael, VA 81378",Y,hours
57,Gordon Reese,102-39-8651,"651 Bell Summit
Jamesland, MA 30472",N,miles
58,Julie Fitzpatrick,009-43-7919,"8020 Geoffrey Isle
Wesleymouth, GA 35617",Y,hours
59,Amber Osborn,584-10-0685,"6549 Hull Lodge
Christopherbury, ID 28226",N,miles
60,Kristin Bailey,731-99-0539,"28277 Blackwell Route
Madisonstad, MP 76846",Y,hours
61,Matthew Hill,504-49-3675,"81868 Lindsey Loop
East Christineview, KS 18098",N,hours
62,Jeffery West,043-34-2077,"799 Valerie Ville
East Mary, CO 03055",N,miles
63,Jennifer Clark,706-70-6265,"PSC 5286, Box 3755
APO AP 39040",Y,hours
64,Kevin Baker,507-99-1704,"19620 Laura Islands
North Colton, ID 12718",Y,miles
65,James Davis,395-04-0200,"475 Harris Springs Suite 908
Lake Kathyton, UT 89475",N,hours
66,Katie Miller DVM,188-55-2175,"613 Burch Curve Apt. 086
Patrickborough, PW 27665",Y,miles
67,Carolyn Fields,535-22-5274,"5317 Sergio Crossing
Markchester, WY 15837",N,miles
68,Andrew Lamb,087-84-2986,"3566 Laura Glen Suite 650
Millerstad, WV 85884",N,hours
69,Suzanne Gould PhD,078-56-6143,"91330 Mason Passage
Andrewton, OR 84668",N,hours
70,Angela Alexander,633-74-3826,"891 Robinson Valleys
New Rebekah, WY 23468",N,hours
71,Luis Pitts,048-55-8116,"87897 Gardner Light Suite 226
East Lisa, CT 42606",Y,miles
72,Lindsay Hicks,785-69-2715,"067 Allison Roads Apt. 371
Herreramouth, MO 75989",N,miles
73,John Lee,054-14-9527,"2925 Isaac Brooks Apt. 494
Justinfort, TX 28763",N,hours
74,Brian Watson,819-56-8823,"3221 Orr Mission
Port Matthewhaven, KS 72801",Y,hours
75,Kenneth Pierce,430-39-1471,"7672 Jorge Burgs
Grayshire, AK 34612",Y,miles
76,Jennifer Smith,095-90-1003,"03789 Anthony Branch
South Williamville, RI 54758",N,hours
77,Malik Mason,741-19-4863,"781 Laura Island Suite 013
Madisonshire, MH 46353",Y,hours
78,Brandon Lane,749-73-8638,"936 Holmes Point Suite 599
North Shawnchester, IN 58570",Y,miles
79,Leslie Williams Jr.,636-19-4322,"8496 Garcia Ferry Apt. 282
Paynestad, NV 72087",Y,hours
80,Molly West,282-40-4413,"54503 Kimberly Isle Apt. 226
Michaelton, NV 25280",Y,miles
81,Karla Perkins,835-66-2937,"0021 Barker Neck Apt. 005
Kelseyfort, DC 93203",N,miles
82,Ernest Young,353-83-7612,"67007 Trevor Extensions
Jonesmouth, OK 31636",Y,miles
83,Travis Ware,064-16-9196,"Unit 2350 Box 7547
DPO AP 26340",Y,hours
84,Christopher Luna,713-66-0161,"USS Perez
FPO AA 84076",N,hours
85,Kim Johns,485-29-7793,"63131 Rogers Gateway
Bushhaven, MI 97492",Y,miles
86,David Watkins,351-67-6868,"1248 Hamilton Garden
Lake Kimberly, OK 64696",Y,miles
87,Tammy Dominguez,545-41-4956,"79345 Brown Bridge
New Wendy, MS 71141",Y,miles
88,Mark Padilla,545-32-3199,"8577 Perez Parkways Apt. 842
Tinamouth, MI 46678",Y,hours
89,Mark Brown,747-04-5740,"1516 Michael Cliffs Suite 000
Markmouth, WA 60881",N,hours
90,Henry Hinton,547-77-8991,"975 Reynolds Prairie Apt. 877
New Michaeltown, PR 89129",N,miles
91,Nicole Johnson,046-44-8741,"84119 Thomas Inlet
New Kimberly, PA 95292",Y,miles
92,Antonio Ross,583-40-2347,"5365 Nicole Club
Port Victoriaton, TN 08946",N,hours
93,Dawn Wilkinson,231-59-3308,"Unit 8424 Box 5471
DPO AP 83688",N,miles
94,Zachary Reyes,728-09-3322,"35036 Alvarado Greens
Arnoldville, GU 73576",Y,hours
95,Kristen Hayden,440-67-0915,"917 Olson Prairie Apt. 041
Sparksstad, TX 30592",N,hours
96,Angelica Burke,236-88-0178,"6894 Brown Summit Apt. 734
Jasonstad, PA 50965",N,miles
97,Mrs. Jessica Williams,561-60-8054,"633 Walsh Court
Ronaldton, IN 32460",Y,hours
98,Matthew Stewart,452-04-4252,"092 Edward Wells Apt. 830
Wardshire, SD 70839",Y,hours
99,Lisa Collier,406-68-1465,"82790 Michelle Extensions Apt. 118
Barbarahaven, PA 04735",N,hours
100,Courtney Diaz,465-13-2147,"19967 Amber Court Suite 460
Lake Sarahmouth, NM 06319",N,hours
101,Jennifer Flores,227-60-0635,"49924 Mary Causeway
New Samuelton, OH 81732",N,hours
102,Angelica Kaufman,738-95-9974,"195 Kenneth Keys Suite 423
Dominguezport, DE 46030",Y,hours
103,Kimberly Skinner,816-76-9934,"6232 Sparks Lights
North Francisco, RI 92746",Y,miles
104,Calvin Rocha,012-44-0756,"8553 Susan Harbors Apt. 268
East Mercedes, CA 12761",N,hours
105,Ryan Hardy,863-91-4870,"072 Carrie Courts
Julietown, NJ 79326",Y,hours
106,Benjamin Fox,306-87-8242,"5749 Gary Roads
Dunnport, RI 75884",N,hours
107,Paige Spencer,809-67-8285,"03709 Christopher Crest Suite 257
North Ashlee, PA 17254",Y,hours
108,Sharon Andrews,735-62-2177,"PSC 0479, Box 4861
APO AA 13397",Y,miles
109,Jacqueline Greer,379-70-6823,"49028 Lee Springs Suite 278
New Tiffanychester, HI 72473",Y,miles
